City,Lat,Lng,Max Temp,Humidity,Cloudiness,Wind Speed,Country,Date
Shahdad Kot,27.8477,67.9055,64.4,21,0,3.91,PK,1643344766
Faanui,-16.4833,-151.75,81.01,76,10,16.46,PF,1643344767
Busselton,-33.65,115.3333,88.05,29,0,4.38,AU,1643344767
East London,-33.0153,27.9116,72.54,83,40,16.11,ZA,1643344768
Ribeira Grande,38.5167,-28.7,59.31,74,9,4.81,PT,1643344768
Mar del Plata,-38.0023,-57.5575,61.88,74,0,3.0,AR,1643344751
Albany,42.6001,-73.9662,26.58,59,100,3.2,US,1643344648
Kieta,-6.2167,155.6333,82.02,79,100,3.58,PG,1643344769
Batemans Bay,-35.7167,150.1833,91.2,57,28,14.56,AU,1643344748
San Patricio,28.017,-97.5169,59.83,81,100,7.4,US,1643344769
Jamestown,42.097,-79.2353,26.19,67,100,8.99,US,1643344752
Anadyr,64.75,177.4833,10.9,79,40,11.18,RU,1643344770
El Alto,-4.2714,-81.2147,69.69,82,54,11.1,PE,1643344770
Bethel,41.3712,-73.414,30.56,61,100,1.01,US,1643344771
Susanville,40.4163,-120.653,30.04,76,0,1.99,US,1643344771
Thompson,55.7435,-97.8558,-7.44,77,20,6.91,CA,1643344772
Yellowknife,62.456,-114.3525,-3.44,84,100,3.44,CA,1643344772
Talnakh,69.4865,88.3972,6.21,91,100,17.11,RU,1643344773
Paamiut,61.994,-49.6678,3.47,76,75,14.18,GL,1643344773
Ushuaia,-54.8,-68.3,46.06,94,97,3.98,AR,1643344773
Chokurdakh,70.6333,147.9167,-27.33,89,34,8.03,RU,1643344774
Djambala,-2.5447,14.7533,67.59,85,29,3.74,CG,1643344774
Ulety,51.3572,112.4849,4.15,79,57,3.71,RU,1643344775
Jiwani,25.05,61.7417,70.72,47,0,6.17,PK,1643344775
Dunedin,-45.8742,170.5036,61.81,70,73,11.01,NZ,1643344592
Khovd,48.0056,91.6419,0.55,77,93,2.57,MN,1643344776
Kiryat Gat,31.61,34.7642,47.39,100,100,11.97,IL,1643344501
Bossier City,32.516,-93.7321,39.2,59,100,0.0,US,1643344512
Tromsø,69.6496,18.957,27.37,93,100,3.0,NO,1643344497
Evensk,61.95,159.2333,19.49,81,100,35.28,RU,1643344777
Laguna,38.421,-121.4238,52.77,78,0,0.0,US,1643344777
Broome,42.2506,-75.833,27.48,65,100,4.0,US,1643344777
Jackson,42.4165,-122.8345,48.15,64,0,0.0,US,1643344778
Yar-Sale,66.8333,70.8333,2.57,97,100,4.09,RU,1643344778
Rikitea,-23.1203,-134.9692,78.44,75,87,18.9,PF,1643344779
Omsukchan,62.5333,155.8,-3.28,99,100,9.01,RU,1643344779
Jumla,29.2747,82.1838,42.62,23,0,3.2,NP,1643344780
Puerto Ayora,-0.7393,-90.3518,73.83,81,85,7.83,EC,1643344780
Port Alfred,-33.5906,26.891,70.95,78,49,16.93,ZA,1643344781
Nikolskoye,59.7035,30.7861,28.4,96,100,6.76,RU,1643344781
Qaanaaq,77.484,-69.3632,-10.75,71,26,10.16,GL,1643344781
Seoul,37.5683,126.9778,36.79,35,0,9.22,KR,1643344728
Airai,-8.9266,125.4092,74.46,59,84,5.37,TL,1643344658
Vostok,46.4856,135.8833,4.57,89,100,10.8,RU,1643344782
Nanortalik,60.1432,-45.2371,7.83,84,19,10.8,GL,1643344783
Severo-Kuril'sk,50.6789,156.125,23.86,73,96,36.33,RU,1643344783
Cherskiy,68.75,161.3,-33.7,98,41,2.86,RU,1643344784
Esperance,-33.8667,121.9,78.64,56,5,15.1,AU,1643344784
Provideniya,64.3833,-173.3,-1.64,71,0,4.47,RU,1643344784
Salina Cruz,16.1667,-95.2,73.51,77,0,14.88,MX,1643344785
Tuatapere,-46.1333,167.6833,63.82,47,100,5.97,NZ,1643344786
Samut Prakan,13.5,100.45,94.08,58,17,9.15,TH,1643344786
Tezu,27.9167,96.1667,67.39,53,72,4.12,IN,1643344786
Port Blair,11.6667,92.75,86.04,66,75,5.75,IN,1643344745
Narsaq,60.9167,-46.05,14.22,79,12,6.76,GL,1643344787
Butaritari,3.0707,172.7902,82.35,78,5,17.25,KI,1643344787
Taoudenni,22.6783,-3.9836,63.7,20,91,11.7,ML,1643344788
Punta Arenas,-53.15,-70.9167,44.71,87,0,3.44,CL,1643344788
Hamilton,39.1834,-84.5333,33.12,85,100,4.61,US,1643344789
Djenné,13.9061,-4.5533,68.79,18,2,10.22,ML,1643344789
Sitka,57.0531,-135.33,42.69,75,100,19.57,US,1643344790
New Norfolk,-42.7826,147.0587,83.91,41,51,3.0,AU,1643344790
Kropotkin,45.4375,40.5756,20.43,97,87,4.88,RU,1643344790
Klaksvík,62.2266,-6.589,43.72,84,100,28.7,FO,1643344791
Kunming,25.0389,102.7183,53.53,54,75,17.9,CN,1643344791
Honiara,-9.4333,159.95,80.55,86,100,6.69,SB,1643344792
Harper,4.375,-7.7169,77.83,81,62,3.33,LR,1643344792
Ouésso,1.6136,16.0517,66.63,39,56,1.12,CG,1643344792
Avarua,-21.2078,-159.775,82.45,83,40,14.97,CK,1643344793
Ambilobe,-13.2,49.05,75.99,87,95,1.72,MG,1643344793
Ostrovnoy,68.0531,39.5131,15.06,92,100,9.62,RU,1643344794
Atuona,-9.8,-139.0333,78.15,74,4,17.13,PF,1643344794
Broken Hill,-31.95,141.4333,96.51,32,75,6.91,AU,1643344794
Kununurra,-15.7667,128.7333,89.58,66,100,10.36,AU,1643344795
Sechelt,49.4664,-123.7694,39.52,66,66,3.2,CA,1643344795
Hong Kong,22.2855,114.1577,70.18,86,97,13.0,HK,1643344796
Safi,32.2994,-9.2372,56.37,69,95,6.85,MA,1643344796
Saldanha,-33.0117,17.9442,59.05,87,0,11.86,ZA,1643344589
Lebu,-37.6167,-73.65,58.6,94,10,2.37,CL,1643344575
Pevek,69.7008,170.3133,-25.82,99,17,1.39,RU,1643344797
Solnechnyy,50.7214,136.6319,-0.53,87,100,3.09,RU,1643344797
Port-Gentil,-0.7193,8.7815,79.43,82,90,4.74,GA,1643344798
Dingle,10.9995,122.6711,86.38,65,92,7.43,PH,1643344798
Yurga,55.7231,84.8861,-1.73,97,95,5.53,RU,1643344799
Muli,2.9167,73.5667,80.02,54,98,4.59,MV,1643344799
Ejido,8.5514,-71.2375,63.88,96,56,1.07,VE,1643344800
Asău,46.4333,26.4,34.72,89,96,7.29,RO,1643344800
Kruisfontein,-34.0033,24.7314,63.88,74,2,13.02,ZA,1643344801
Hobart,-42.8794,147.3294,84.27,61,75,1.01,AU,1643344565
Bredasdorp,-34.5322,20.0403,63.34,76,8,5.88,ZA,1643344801
Kapaa,22.0752,-159.319,75.52,73,0,4.61,US,1643344802
Norman Wells,65.282,-126.8329,-2.16,84,100,3.44,CA,1643344802
Luanda,-8.8368,13.2343,76.53,84,100,3.24,AO,1643344803
São João da Barra,-21.6403,-41.0511,74.7,91,4,10.11,BR,1643344803
Ippy,6.2679,21.2247,67.42,26,5,5.26,CF,1643344804
Hilton Head,32.2163,-80.7526,45.99,56,0,10.36,US,1643344585
Piranshahr,36.701,45.1413,19.67,93,53,6.58,IR,1643344804
Darhan,49.4867,105.9228,-3.21,91,35,2.08,MN,1643344805
Ryōtsu-minato,38.0833,138.4333,40.96,55,86,20.71,JP,1643344805
Souillac,-20.5167,57.5167,83.35,61,20,5.75,MU,1643344806
Arraial do Cabo,-22.9661,-42.0278,75.06,91,48,15.28,BR,1643344644
Catuday,16.2923,119.8062,82.53,66,76,4.85,PH,1643344807
Ucluelet,48.9329,-125.5528,43.09,88,100,10.07,CA,1643344807
Lubango,-14.9172,13.4925,59.79,90,100,2.59,AO,1643344579
Mataura,-46.1927,168.8643,70.95,29,99,5.32,NZ,1643344808
Hithadhoo,-0.6,73.0833,81.77,64,95,12.73,MV,1643344808
Yaan,7.3833,8.5667,75.02,24,3,9.82,NG,1643344809
Hokitika,-42.7167,170.9667,64.99,63,98,5.32,NZ,1643344588
Cape Town,-33.9258,18.4232,66.09,77,20,9.22,ZA,1643344564
Bolobo,-2.1667,16.2333,71.64,69,76,2.48,CD,1643344810
Deogarh,21.5333,84.7333,69.73,32,4,0.94,IN,1643344810
Clejani,44.3197,25.6994,31.89,83,91,8.03,RO,1643344811
Flinders,-34.5833,150.8552,90.81,62,13,5.99,AU,1643344811
Soyo,-6.1349,12.3689,78.04,87,99,3.6,AO,1643344811
Kavieng,-2.5744,150.7967,84.9,68,70,8.63,PG,1643344752
Lavrentiya,65.5833,-171.0,-11.74,88,23,4.76,RU,1643344812
Port Hueneme,34.1478,-119.1951,64.87,63,0,0.0,US,1643344812
Cururupu,-1.8283,-44.8683,72.03,99,100,0.74,BR,1643344717
Saint Anthony,45.0205,-93.218,10.24,63,0,6.91,US,1643344813
Richards Bay,-28.783,32.0377,79.16,78,43,11.5,ZA,1643344813
Soke,13.598,-5.9386,69.67,16,3,9.51,ML,1643344814
Devils Lake,48.1128,-98.8651,-4.02,77,0,10.36,US,1643344814
Tiksi,71.6872,128.8694,-10.39,96,70,8.86,RU,1643344815
Novo Aripuanã,-5.1206,-60.3797,72.1,99,72,2.55,BR,1643344815
Deputatsky,69.3,139.9,-23.6,99,26,3.76,RU,1643344815
Uinskoye,56.8817,56.5813,-0.74,99,93,4.52,RU,1643344816
Bathsheba,13.2167,-59.5167,72.21,83,20,5.75,BB,1643344816
Khatanga,71.9667,102.5,-5.64,87,86,8.9,RU,1643344817
Torbay,47.6666,-52.7314,14.76,91,40,8.05,CA,1643344817
Opportunity,47.6499,-117.2399,28.09,88,0,1.01,US,1643344818
Portland,45.5234,-122.6762,40.21,68,0,1.01,US,1643344574
Alice Springs,-23.7,133.8833,92.75,43,70,19.57,AU,1643344818
Hilo,19.7297,-155.09,74.93,79,75,5.75,US,1643344819
Oistins,13.0667,-59.5333,71.69,83,20,5.75,BB,1643344819
Waingapu,-9.6567,120.2641,87.17,60,99,14.03,ID,1643344820
Pisco,-13.7,-76.2167,66.25,82,0,6.91,PE,1643344820
Bahir Dar,11.5936,37.3908,62.29,62,18,2.04,ET,1643344820
Todos Santos,23.45,-110.2167,69.01,76,3,6.02,MX,1643344821
Massakory,12.996,15.7293,59.49,20,0,15.52,TD,1643344821
Salina,38.8403,-97.6114,32.13,64,75,8.05,US,1643344665
Bluff,-46.6,168.3333,57.85,60,100,9.04,NZ,1643344822
Avdeyevka,48.1399,37.7426,13.32,95,86,6.91,UA,1643344822
Nakhon Thai,17.1006,100.8374,95.4,32,42,6.2,TH,1643344823
Kamaishi,39.2667,141.8833,31.15,65,74,6.64,JP,1643344823
Hasaki,35.7333,140.8333,48.6,69,100,3.71,JP,1643344824
Ben Gardane,33.1378,11.2197,47.16,57,2,5.17,TN,1643344824
Moctezuma,29.8,-109.6667,58.77,28,91,3.6,MX,1643344825
Lompoc,34.6391,-120.4579,58.93,67,0,0.0,US,1643344719
Port Elizabeth,-33.918,25.5701,66.09,94,0,14.97,ZA,1643344825
Wad Rāwah,15.1603,33.1397,57.27,18,1,14.92,SD,1643344826
Vestmannaeyjar,63.4427,-20.2734,43.56,91,100,28.79,IS,1643344826
Hambantota,6.1241,81.1185,84.54,70,0,10.36,LK,1643344826
Khalkhāl,37.6189,48.5258,20.43,92,95,3.2,IR,1643344827
Boa Esperança,-21.09,-45.5658,65.66,91,81,2.89,BR,1643344828
Port Lincoln,-34.7333,135.8667,72.21,69,63,15.57,AU,1643344828
Saryozek,44.3583,77.9753,26.1,52,1,2.8,KZ,1643344829
Hermanus,-34.4187,19.2345,64.9,78,32,7.05,ZA,1643344578
Muros,42.7762,-9.0603,48.24,83,0,8.48,ES,1643344829
Nome,64.5011,-165.4064,-7.89,70,0,0.0,US,1643344830
Touros,-5.1989,-35.4608,76.1,85,99,5.66,BR,1643344830
Ţahţā,26.7693,31.5021,39.31,66,2,6.26,EG,1643344831
Shirdi,19.7667,74.4833,68.02,30,0,7.96,IN,1643344831
Caravelas,-17.7125,-39.2481,74.26,93,3,4.72,BR,1643344831
Oban,56.4127,-5.4706,42.85,90,100,5.39,GB,1643344832
Lebowakgomo,-24.2,29.5,67.1,83,87,4.81,ZA,1643344832
Padang,-0.9492,100.3543,86.74,64,86,5.14,ID,1643344833
Rawson,-43.3002,-65.1023,81.09,31,32,23.73,AR,1643344833
Dikson,73.5069,80.5464,7.61,91,100,22.88,RU,1643344834
Cabo San Lucas,22.8909,-109.9124,69.51,72,18,6.04,MX,1643344615
Kahului,20.8947,-156.47,78.06,71,40,9.22,US,1643344785
Ponta do Sol,32.6667,-17.1,57.7,79,67,1.99,PT,1643344834
Los Llanos de Aridane,28.6585,-17.9182,55.15,76,75,11.01,ES,1643344835
Lüderitz,-26.6481,15.1594,65.73,74,0,25.99,NA,1643344835
Esil,51.9556,66.4042,10.51,85,100,6.13,KZ,1643344836
Allāpalli,19.4167,80.0667,72.52,24,2,3.4,IN,1643344836
Mandalgovi,45.7625,106.2708,10.44,42,2,3.74,MN,1643344837
Seymchan,62.8833,152.4333,-8.79,91,100,10.4,RU,1643344837
Aklavik,68.2191,-135.0107,-17.57,93,100,1.92,CA,1643344837
Salalah,17.0151,54.0924,69.89,68,40,3.44,OM,1643344838
Doha,25.2867,51.5333,64.38,61,0,13.8,QA,1643344732
Kaitangata,-46.2817,169.8464,60.93,71,84,6.8,NZ,1643344838
Ambon City,-3.6954,128.1814,91.54,55,40,8.05,ID,1643344839
San Policarpo,12.1791,125.5072,82.18,78,98,7.36,PH,1643344839
Bålsta,59.5671,17.5278,35.51,60,96,17.49,SE,1643344840
Hazorasp,41.3194,61.0742,35.44,75,100,19.04,UZ,1643344840
Tuktoyaktuk,69.4541,-133.0374,-23.8,69,0,10.36,CA,1643344840
Pochutla,15.7432,-96.4661,76.82,78,6,3.62,MX,1643344841
Vaini,-21.2,-175.2,82.89,78,60,13.09,TO,1643344841
Ballina,-28.8667,153.5667,82.58,67,40,11.5,AU,1643344842
Castro,-24.7911,-50.0119,65.1,99,100,6.53,BR,1643344842
Morondava,-20.2833,44.2833,80.6,72,52,3.4,MG,1643344843
Barrow,71.2906,-156.7887,-18.38,69,0,9.22,US,1643344843
Namatanai,-3.6667,152.4333,83.86,73,68,7.25,PG,1643344753
Tiznit Province,29.5833,-9.5,52.3,44,52,12.68,MA,1643344844
Berlevåg,70.8578,29.0864,24.8,75,100,11.18,NO,1643344831
Bulgan,48.8125,103.5347,2.34,82,15,2.01,MN,1643344845
Port Augusta,-32.5,137.7667,90.72,45,77,21.12,AU,1643344845
Katsuura,35.1333,140.3,48.31,92,100,7.09,JP,1643344846
Northam,51.0333,-4.2167,41.72,98,78,3.98,GB,1643344846
Río Gallegos,-51.6226,-69.2181,51.85,76,0,3.44,AR,1643344847
Chui,-33.6971,-53.4616,65.7,70,98,5.99,UY,1643344736
Grottammare,42.9888,13.8649,40.82,74,47,4.81,IT,1643344848
Tessalit,20.1986,1.0114,56.82,23,58,11.63,ML,1643344848
Betong,5.7743,101.0723,91.72,43,81,1.16,TH,1643344848
Basna,21.2833,82.8167,66.07,32,2,3.98,IN,1643344849
Novy Urengoy,66.0833,76.6333,7.41,94,100,13.71,RU,1643344849
Quilmaná,-12.95,-76.3833,69.84,87,100,2.48,PE,1643344850
Ancud,-41.8697,-73.8203,58.53,87,0,0.78,CL,1643344850
Hillsboro,45.5229,-122.9898,39.67,70,0,5.75,US,1643344636
Kashgar,39.4547,75.9797,28.26,33,0,6.71,CN,1643344851
Necochea,-38.5473,-58.7368,50.04,79,0,7.61,AR,1643344580
Coari,-4.085,-63.1414,73.17,99,100,2.44,BR,1643344851
Sechura,-5.5569,-80.8222,71.73,80,70,8.3,PE,1643344852
Birin,26.8865,88.0718,47.89,58,24,5.17,NP,1643344852
Praia da Vitória,38.7333,-27.0667,55.76,94,40,11.45,PT,1643344853
Marawi,7.9986,124.2928,73.65,71,65,5.03,PH,1643344853
Mersing,2.4312,103.8405,85.91,70,40,8.05,MY,1643344853
Disraeli,45.9001,-71.3491,17.49,80,100,9.13,CA,1643344854
Nuevo Progreso,23.1667,-97.95,69.6,74,97,3.56,MX,1643344854
Magistral'nyy,56.1725,107.4458,-1.61,93,81,2.04,RU,1643344855
Alta Floresta,-9.8756,-56.0861,67.98,97,100,0.94,BR,1643344855
Graaff-Reinet,-32.2522,24.5308,65.91,90,98,7.54,ZA,1643344855
Brewster,41.3973,-73.6171,30.81,62,100,1.01,US,1643344755
Sambava,-14.2667,50.1667,78.66,70,41,8.1,MG,1643344856
Dudinka,69.4058,86.1778,6.62,88,100,25.72,RU,1643344856
Beringovskiy,63.05,179.3167,0.09,91,100,1.95,RU,1643344857
George Town,5.4112,100.3354,89.53,70,20,5.01,MY,1643344722
Road Town,18.4167,-64.6167,75.99,73,24,13.98,VG,1643344698
Erenhot,43.6475,111.9767,13.46,62,3,5.59,CN,1643344858
Xai-Xai,-25.0519,33.6442,76.8,83,44,8.28,MZ,1643344858
Coahuayana Viejo,18.7333,-103.6833,69.6,89,66,3.69,MX,1643344858
Mehamn,71.0357,27.8492,28.58,93,75,6.91,NO,1643344859
Comodoro Rivadavia,-45.8667,-67.5,64.26,77,0,13.8,AR,1643344859
Humen,22.819,113.6731,71.13,72,96,0.96,CN,1643344860
Upernavik,72.7868,-56.1549,-1.23,96,100,4.34,GL,1643344860
Halifax,44.6453,-63.5724,22.21,81,87,1.99,CA,1643344636
San Miguel de Tucumán,-26.8241,-65.2226,69.8,94,100,4.61,AR,1643344861
Fort-Shevchenko,44.5086,50.263,33.12,81,100,24.23,KZ,1643344861
Salisbury,51.0693,-1.7957,39.33,96,20,4.61,GB,1643344617
Kavaratti,10.5669,72.642,79.56,72,59,9.8,IN,1643344862
Bourne,52.7667,-0.3833,39.43,95,40,1.01,GB,1643344862
Montepuez,-13.1256,38.9997,69.13,99,100,3.02,MZ,1643344863
Rosário do Sul,-30.2583,-54.9142,63.36,69,18,8.88,BR,1643344863
Cayenne,4.9333,-52.3333,69.84,100,20,0.0,GF,1643344863
Salinópolis,-0.6136,-47.3561,73.44,96,100,6.82,BR,1643344864
Herzogenburg,48.2905,15.7314,41.09,87,77,17.58,AT,1643344864
Izberbash,42.5696,47.8645,32.09,78,99,9.86,RU,1643344865
Birjand,32.8663,59.2211,48.67,34,20,0.0,IR,1643344865
Palamós,41.8484,3.1291,47.37,55,6,4.12,ES,1643344865
Rotenburg,53.1167,9.4,40.89,76,83,20.27,DE,1643344866
Tottori-shi,35.5,134.2333,42.87,81,75,1.14,JP,1643344715
Kailua,21.4022,-157.7394,78.78,80,25,1.01,US,1643344867
Nogales,31.3086,-110.9422,49.96,33,0,3.44,MX,1643344867
Nara,34.6851,135.8049,51.04,39,47,9.04,JP,1643344867
Staritsa,56.5075,34.9354,21.15,95,100,10.89,RU,1643344868
Tual,-5.6667,132.75,84.78,71,84,12.28,ID,1643344869
Itanhaém,-24.1831,-46.7889,77.25,95,100,6.69,BR,1643344870
Ahmednagar,19.0833,74.7333,68.04,32,1,8.08,IN,1643344870
Egvekinot,66.3167,-179.1667,-4.54,94,99,2.13,RU,1643344871
Gannan,47.9147,123.5031,13.08,67,40,11.18,CN,1643344871
San Cristobal,7.7669,-72.225,68.18,91,30,2.64,VE,1643344871
Alofi,-19.0595,-169.9187,84.09,70,10,12.66,NU,1643344872
Baoro,5.6667,15.9667,65.08,29,14,7.29,CF,1643344872
Tokur,53.1333,132.9,-6.79,76,91,4.5,RU,1643344873
Waddān,29.1614,16.139,41.32,65,1,0.87,LY,1643344873
Begūn,24.9833,75.0,61.32,31,0,2.95,IN,1643344874
Eenhana,-17.4667,16.3333,74.95,73,100,5.19,NA,1643344874
Devonport,-41.1667,146.35,73.02,88,100,9.75,AU,1643344875
Suzaka,36.65,138.3167,45.72,68,61,3.0,JP,1643344875
High Level,58.5169,-117.136,15.91,86,100,11.5,CA,1643344875
Arys,42.4252,68.795,37.62,29,100,5.14,KZ,1643344876
Lagoa,39.05,-27.9833,58.39,69,54,17.65,PT,1643344876
Bègles,44.8084,-0.5481,35.2,98,100,4.61,FR,1643344877
Saskylakh,71.9167,114.0833,1.04,89,66,11.95,RU,1643344877
Lorengau,-2.0226,147.2712,84.87,68,57,8.7,PG,1643344878
Mitsamiouli,-11.3847,43.2844,79.09,83,75,4.61,KM,1643344878
Kazygurt,41.7589,69.3864,42.73,25,100,2.71,KZ,1643344878
Waipawa,-41.4122,175.5153,65.93,52,14,7.02,NZ,1643344879
Carnarvon,-24.8667,113.6333,86.07,62,0,13.8,AU,1643344879
Lodwar,3.1191,35.5973,80.47,41,17,2.86,KE,1643344880
Pangkalanbuun,-2.6833,111.6167,87.31,64,100,4.38,ID,1643344880
Mount Gambier,-37.8333,140.7667,76.91,47,40,13.8,AU,1643344661
Uray,60.1247,64.7758,0.57,96,91,6.6,RU,1643344881
Tyukalinsk,55.8732,72.1967,5.65,98,96,5.66,RU,1643344881
Saint Paul Harbor,57.79,-152.4072,35.11,80,100,20.71,US,1643344882
Bestöbe,52.4994,73.0975,6.17,84,99,7.58,KZ,1643344882
Mount Isa,-20.7333,139.5,82.17,78,100,10.36,AU,1643344883
Itapirapuã,-15.8233,-50.6133,70.34,95,58,2.8,BR,1643344883
Emba,48.8264,58.1442,16.45,89,100,9.31,KZ,1643344883
Yulara,-25.2406,130.9889,94.84,38,40,11.5,AU,1643344884
Cidreira,-30.1811,-50.2056,70.34,74,97,12.28,BR,1643344884
Iracoubo,5.4802,-53.2011,75.33,84,82,6.55,GF,1643344885
São Filipe,14.8961,-24.4956,71.35,70,97,11.36,CV,1643344885
Manzanillo,20.3433,-77.1167,71.15,78,0,5.12,CU,1643344885
Ahtopol,42.1,27.95,29.21,77,10,8.39,BG,1643344886
Port Shepstone,-30.7414,30.455,78.21,78,41,16.33,ZA,1643344886
Grindavik,63.8424,-22.4338,40.95,87,75,21.85,IS,1643344887
Nguruka,-5.1092,31.0419,65.68,93,100,0.92,TZ,1643344887
Matsuura,33.3271,129.721,53.92,53,46,9.75,JP,1643344888
Russell,32.3502,-85.1999,47.43,81,0,0.0,US,1643344888
Clyde River,70.4692,-68.5914,-16.37,76,0,4.61,CA,1643344871
Sinnamary,5.3833,-52.95,74.79,88,70,6.33,GF,1643344889
Bouna,9.2667,-3.0,69.8,21,39,4.23,CI,1643344889
Abu Samrah,35.3029,37.1841,38.59,90,30,7.14,SY,1643344890
Hvide Sande,56.0045,8.1294,40.08,70,4,36.35,DK,1643344890
Southern Pines,35.174,-79.3923,32.81,80,0,0.0,US,1643344891
Auki,-8.7676,160.7034,76.91,91,100,1.16,SB,1643344891
Labuhan,-6.8844,112.2051,84.6,71,100,10.02,ID,1643344891
Beyneu,45.3167,55.2,31.53,87,100,2.08,KZ,1643344892
Pacific Grove,36.6177,-121.9166,56.62,76,0,1.99,US,1643344892
Eydhafushi,5.1033,73.0708,78.89,55,57,9.51,MV,1643344893
Mana,5.6592,-53.7767,75.38,81,63,5.3,GF,1643344893
Bonnyville,54.2668,-110.735,16.43,100,78,0.58,CA,1643344893
Port Hedland,-20.3167,118.5667,93.25,49,99,25.32,AU,1643344894
Corner Brook,48.9667,-57.9484,17.73,98,54,4.7,CA,1643344894
Longyearbyen,78.2186,15.6401,12.04,73,75,11.5,SJ,1643344855
Mildura,-34.2,142.15,94.96,38,63,8.05,AU,1643344895
Maragogi,-9.0122,-35.2225,76.86,84,79,3.04,BR,1643344895
Haines Junction,60.7522,-137.5108,24.75,80,89,3.44,CA,1643344896
Port Hardy,50.6996,-127.4199,33.98,93,40,3.44,CA,1643344896
Khandyga,62.6667,135.6,-33.02,94,71,0.47,RU,1643344896
Dali,25.7,100.1833,51.6,55,32,7.87,CN,1643344897
Dongsheng,39.8161,109.9776,21.97,31,100,6.53,CN,1643344897
Mananjary,-21.2167,48.3333,77.38,67,24,1.92,MG,1643344898
Sola,-13.8833,167.55,81.72,78,100,16.15,VU,1643344898
Taiping,4.85,100.7333,88.0,54,93,3.87,MY,1643344899
Zhumadian,32.9794,114.0294,34.52,97,100,7.72,CN,1643344899
Luena,-11.7833,19.9167,62.26,97,100,8.32,AO,1643344900
Mīzan Teferī,6.9833,35.5833,66.79,51,26,2.46,ET,1643344900
Great Falls,47.5002,-111.3008,31.39,50,0,16.11,US,1643344736
Sørland,67.667,12.6934,34.07,43,100,15.5,NO,1643344901
Baependi,-21.9589,-44.89,64.67,94,95,1.34,BR,1643344901
Kajaani,64.2273,27.7285,24.85,93,100,8.05,FI,1643344902
Tutóia,-2.7619,-42.2744,76.1,86,100,9.31,BR,1643344902
Mwinilunga,-11.7358,24.4293,62.55,97,100,7.58,ZM,1643344903
Liwale,-9.7667,37.9333,69.91,96,100,3.51,TZ,1643344904
Menzel Salem,35.8567,8.4765,28.4,63,0,2.08,TN,1643344904
Delta del Tigre,-34.7633,-56.3853,64.51,74,0,5.1,UY,1643344904
Buala,-8.145,159.5921,80.83,82,99,3.71,SB,1643344905
Hebi,35.8992,114.1925,36.9,43,100,3.24,CN,1643344905
Nouakchott,18.0858,-15.9785,60.73,55,97,12.53,MR,1643344906
Cockburn Town,21.4612,-71.1419,77.99,69,4,10.49,TC,1643344906
Oranjestad,12.524,-70.027,76.95,78,20,11.5,AW,1643344907
Noyabrsk,63.1994,75.4507,7.56,94,99,14.76,RU,1643344907
Manokwari,-0.8667,134.0833,82.49,74,97,4.07,ID,1643344907
Mwadui,-3.55,33.6,67.62,80,91,1.45,TZ,1643344908
San Felipe,10.3399,-68.7425,71.06,92,76,3.51,VE,1643344908
Hirado,33.3597,129.5531,54.39,56,43,11.92,JP,1643344909
Hualmay,-11.0964,-77.6139,69.62,87,100,7.09,PE,1643344909
Santiago del Estero,-27.7951,-64.2615,68.9,66,98,6.33,AR,1643344846
Aswān,24.0934,32.907,44.04,54,49,11.05,EG,1643344910
Plainview,40.7765,-73.4673,31.51,57,100,1.01,US,1643344784
Itoman,26.1247,127.6694,70.57,80,75,19.57,JP,1643344910
Mujiayingzi,42.1167,118.7833,22.35,28,0,14.23,CN,1643344911
Skjervøy,70.0311,20.9714,31.62,77,100,13.42,NO,1643344911
Dunda,-8.1167,34.25,65.41,95,100,1.59,TZ,1643344912
Port Macquarie,-31.4333,152.9167,82.36,63,1,12.26,AU,1643344912
Hobyo,5.3505,48.5268,78.01,65,100,21.99,SO,1643344913
Te Anau,-45.4167,167.7167,71.08,42,100,6.2,NZ,1643344913
Sergeevka,53.88,67.4158,13.93,92,100,4.45,KZ,1643344914
Baijiantan,45.6333,85.1833,9.37,83,76,3.8,CN,1643344914
Pilar,-9.5972,-35.9567,76.93,92,80,3.13,BR,1643344914
Lagos,6.5833,3.75,77.32,95,53,3.42,NG,1643344915
Muravlenko,63.7898,74.523,8.78,94,98,13.89,RU,1643344915
Awang,7.1531,124.2211,89.44,56,20,2.55,PH,1643344916
Peruíbe,-24.32,-46.9983,73.27,97,100,5.37,BR,1643344916
Bandarbeyla,9.4942,50.8122,75.7,64,100,21.21,SO,1643344917
Araouane,18.9048,-3.5265,60.91,21,21,12.24,ML,1643344917
Pontianak,-0.0333,109.3333,85.98,70,40,8.05,ID,1643344918
Wuhu,31.3366,118.3755,39.11,92,100,10.47,CN,1643344918
Lata,40.1629,-8.3327,45.05,68,0,5.28,PT,1643344919
Trebinje,42.7119,18.3442,41.36,70,75,8.05,BA,1643344919
Exu,-7.5119,-39.7242,68.41,88,100,2.48,BR,1643344919
Vacaria,-28.5122,-50.9339,54.72,96,84,8.46,BR,1643344920
Poum,-20.2333,164.0167,83.21,75,36,18.57,NC,1643344920
Kondrovo,54.8064,35.9278,19.89,95,100,11.34,RU,1643344921
Springbok,-29.6643,17.8865,61.02,63,15,3.49,ZA,1643344921
Malé,4.1748,73.5089,84.15,65,75,9.22,MV,1643344801
Fortuna,40.5982,-124.1573,41.92,100,0,8.05,US,1643344922
Rocha,-34.4833,-54.3333,63.68,63,95,4.05,UY,1643344922
Baculin,7.4525,126.5842,84.65,71,56,7.72,PH,1643344923
Komyshuvakha,47.7176,35.5288,23.94,96,94,9.8,UA,1643344923
Vardø,70.3705,31.1107,21.4,94,100,7.61,NO,1643344923
Zhangaözen,43.3,52.8,30.29,81,100,20.49,KZ,1643344874
Jiangyou,31.7667,104.7167,46.38,64,100,3.62,CN,1643344924
Namwala,-15.7504,26.4384,63.82,96,89,3.09,ZM,1643344924
Usinsk,65.9939,57.5281,-0.85,98,95,12.3,RU,1643344925
Lara,-38.0167,144.4,73.26,96,75,8.05,AU,1643344925
Dekernes,31.0876,31.595,45.97,91,100,6.35,EG,1643344926
Rehoboth,-23.3167,17.0833,74.43,41,31,2.55,NA,1643344926
Nizhneudinsk,54.9076,99.0276,9.66,92,100,1.66,RU,1643344927
Taos,36.4072,-105.5731,22.98,82,100,1.99,US,1643344927
Panzhihua,26.5851,101.7128,66.43,39,2,1.86,CN,1643344927
Port Antonio,18.18,-76.4612,76.91,83,10,3.51,JM,1643344928
Bougouni,11.417,-7.479,70.57,17,8,3.53,ML,1643344928
Bowen,-20.0167,148.2333,80.82,69,100,18.72,AU,1643344929
Ouallam,14.3188,2.0866,62.01,21,4,12.26,NE,1643344929
Arlit,18.7369,7.3853,56.52,29,1,8.95,NE,1643344929
Zhangjiakou,40.81,114.8794,20.1,40,37,4.43,CN,1643344747
Pravdinsk,54.4429,21.0179,37.24,97,100,16.33,RU,1643344930
Jizan,17.3333,42.6667,76.14,73,17,6.78,SA,1643344930
Kovūr,14.4833,79.9833,78.62,67,41,12.37,IN,1643344757
Palora,-1.7,-77.9333,65.3,98,99,3.13,EC,1643344931
Iqaluit,63.7506,-68.5145,-9.31,76,100,0.0,CA,1643344663
Saint George,37.1041,-113.5841,45.07,32,0,17.0,US,1643344724
Hūn,29.1268,15.9477,41.31,63,1,0.83,LY,1643344932
Sittwe,20.15,92.9,74.26,49,82,10.96,MM,1643344932
Marsciano,42.9059,12.3359,47.26,94,57,1.81,IT,1643344933
Neuenhagen,52.5299,13.6891,42.15,77,100,20.89,DE,1643344934
Chālūs,36.655,51.4204,45.86,93,100,4.61,IR,1643344934
Nador,35.174,-2.9287,55.65,88,0,4.61,MA,1643344935
Dvinskoy,62.1535,45.1175,9.03,94,100,7.58,RU,1643344935
Deori Khās,23.4,79.0167,61.84,38,0,4.03,IN,1643344935
Yangi Marg`ilon,40.4272,71.7189,31.42,59,100,2.3,UZ,1643344936
Olafsvik,64.8945,-23.7142,35.29,79,100,27.02,IS,1643344936
Puttūr,12.7667,75.2167,84.31,39,53,6.98,IN,1643344937
Témiscaming,46.7212,-79.0971,0.91,78,94,10.36,CA,1643344937
Los Andes,-32.8337,-70.5983,67.71,67,0,0.78,CL,1643344938
Codrington,-38.2667,141.9667,72.0,66,54,14.23,AU,1643344938
Inyonga,-6.7167,32.0667,64.65,94,100,2.19,TZ,1643344938
Zeya,53.75,127.2667,5.79,48,2,7.7,RU,1643344939
Lysyye Gory,51.5506,44.8414,18.66,96,99,4.47,RU,1643344654
Puerto Baquerizo Moreno,-0.9,-89.6,73.49,85,69,8.86,EC,1643344939
Fukuechō,32.6881,128.8419,53.96,54,75,14.97,JP,1643344940
Biak,-0.9131,122.8766,83.12,72,93,3.04,ID,1643344940
Leer,8.3018,30.1418,70.45,21,8,9.17,SS,1643344941
Taltal,-25.4,-70.4833,65.75,80,2,0.67,CL,1643344941
Ukiah,39.1502,-123.2078,51.03,73,0,0.0,US,1643344941
Nowy Dwór Gdański,54.2131,19.1177,36.95,97,100,22.12,PL,1643344942
Kaihua,23.3687,104.28,65.37,58,39,14.0,CN,1643344942
Havøysund,70.9963,24.6622,28.63,58,100,12.37,NO,1643344943
Balabac,7.9868,117.0645,83.91,72,99,10.67,PH,1643344943
Tura,25.5198,90.2201,64.71,33,0,3.38,IN,1643344808
Cap Malheureux,-19.9842,57.6142,83.46,59,0,5.99,MU,1643344944
Vanimo,-2.6741,141.3028,83.84,76,69,6.8,PG,1643344944
Calabaca,14.3001,122.4336,83.61,68,38,3.96,PH,1643344945
Zaysan,47.4667,84.8667,1.8,91,59,2.89,KZ,1643344945
Ségou,13.4317,-6.2157,69.98,15,2,9.26,ML,1643344946
Pangnirtung,66.1451,-65.7125,-11.88,83,100,3.76,CA,1643344946
Fuerte Olimpo,-21.0415,-57.8738,73.94,88,100,4.18,PY,1643344947
Leningradskiy,69.3833,178.4167,-14.8,96,60,2.53,RU,1643344947
Maniitsoq,65.4167,-52.9,8.06,77,100,23.47,GL,1643344947
Korla,41.7597,86.1469,27.12,49,0,4.5,CN,1643344751
Zhezkazgan,47.8043,67.7144,3.18,78,0,13.42,KZ,1643344948
Ilulissat,69.2167,-51.1,5.02,61,100,14.97,GL,1643344949
Havre-St-Pierre,50.2334,-63.5986,19.4,62,100,10.36,CA,1643344949
Talcahuano,-36.7167,-73.1167,60.48,94,100,5.75,CL,1643344856
Noumea,-22.2763,166.4572,80.01,99,89,14.32,NC,1643344950
Bengkulu,-3.8004,102.2655,85.15,66,78,6.87,ID,1643344950
Candelaria,13.9311,121.4233,83.39,59,44,6.69,PH,1643344951
Yeppoon,-23.1333,150.7333,87.58,59,77,15.05,AU,1643344951
Sampit,-2.5333,112.95,88.11,59,100,1.86,ID,1643344951
Verkhoyansk,67.5447,133.385,-22.45,97,97,3.09,RU,1643344652
Santa Maria do Suaçuí,-18.1903,-42.4142,66.0,96,0,1.01,BR,1643344952
Tasiilaq,65.6145,-37.6368,15.96,90,76,8.21,GL,1643344952
Fallon,39.4735,-118.7774,31.28,64,0,5.75,US,1643344672
Novyye Burasy,52.1324,46.0714,17.51,97,99,3.49,RU,1643344953
Mahébourg,-20.4081,57.7,83.25,61,20,5.75,MU,1643344953
Constitución,-35.3333,-72.4167,58.69,91,43,3.78,CL,1643344954
Antigonish,45.6169,-61.9986,16.83,89,88,5.77,CA,1643344745
Sal Rei,16.1833,-22.9167,68.56,70,100,17.02,CV,1643344954
Līsakovsk,52.5369,62.4936,10.26,96,100,5.01,KZ,1643344955
Durant,33.994,-96.3708,42.3,74,0,5.75,US,1643344747
Nelson Bay,-32.7167,152.15,85.75,60,1,3.0,AU,1643344955
Nago,26.5881,127.9761,70.65,77,87,9.82,JP,1643344956
‘Ewa Beach,21.3156,-158.0072,78.75,64,75,8.01,US,1643344956
Sept-Îles,50.2001,-66.3821,14.52,85,100,5.01,CA,1643344956
Naze,28.3667,129.4833,59.92,78,97,11.77,JP,1643344957
Oranjemund,-28.55,16.4333,63.79,86,86,16.89,NA,1643344957
Severobaykal'sk,55.65,109.3167,-1.03,85,20,2.1,RU,1643344958
Esim,4.8699,-2.2405,77.2,86,44,2.33,GH,1643344958
Filingué,14.3521,3.3168,61.56,22,5,12.88,NE,1643344959
Marsaxlokk,35.8419,14.5431,50.07,81,20,8.05,MT,1643344959
Moose Factory,51.2585,-80.6094,-14.82,70,0,9.22,CA,1643344959
North Battleford,52.7834,-108.2847,10.49,85,0,9.22,CA,1643344960
Holme,56.1138,10.1725,38.3,74,6,15.41,DK,1643344960
Bulle,46.6195,7.0567,38.91,86,71,3.31,CH,1643344961
Opuwo,-18.0607,13.84,69.37,68,97,4.36,NA,1643344961
Makakilo City,21.3469,-158.0858,77.32,64,75,5.75,US,1643344962
Tazovsky,67.4667,78.7,5.65,94,100,15.64,RU,1643344962
Keti Bandar,24.1447,67.4497,68.68,27,0,4.45,PK,1643344963
Sabha,27.0377,14.4283,40.51,54,7,7.83,LY,1643344963
Saint-Louis,16.3333,-15.0,64.62,36,33,11.01,SN,1643344963
Licata,37.1071,13.9461,45.54,75,55,6.96,IT,1643344964
Villamontes,-21.25,-63.5,69.48,97,100,6.98,BO,1643344964
Novoorsk,51.381,58.9813,2.05,93,100,6.58,RU,1643344965
Trincomalee,8.5711,81.2335,79.65,77,93,12.03,LK,1643344965
Bereket,39.2446,55.5154,41.81,84,80,21.16,TM,1643344966
Camacha,33.0833,-16.3333,53.53,87,20,3.44,PT,1643344966
Ibaiti,-23.8486,-50.1878,65.01,98,100,1.12,BR,1643344966
Belaya Gora,68.5333,146.4167,-39.06,100,50,1.68,RU,1643344967
Ohafia,5.6167,7.8333,70.32,72,0,3.27,NG,1643344967
Chaplynka,46.3651,33.5403,32.11,88,98,7.92,UA,1643344968
Casablanca,33.5928,-7.6192,57.22,65,99,2.8,MA,1643344924
Rio Tuba,8.5061,117.4317,82.65,75,99,8.81,PH,1643344968
Bambous Virieux,-20.3428,57.7575,83.21,61,20,5.75,MU,1643344969
Xingyi,24.1877,102.817,60.91,46,10,16.64,CN,1643344969
Hay River,60.8156,-115.7999,6.78,85,100,6.91,CA,1643344937
Vila Velha,-20.3297,-40.2925,78.75,86,40,1.01,BR,1643344737
Naujamiestis,55.6869,24.1523,36.55,98,100,10.85,LT,1643344970
Sawtell,-30.3833,153.1,82.72,71,4,11.5,AU,1643344970
Anloga,5.7947,0.8973,75.42,82,41,3.89,GH,1643344971
Nova Olinda do Norte,-3.8881,-59.0942,72.66,98,98,2.44,BR,1643344971
Melfi,40.9965,15.6514,34.09,93,100,7.87,IT,1643344972
Adrar,20.5022,-10.0711,61.27,22,90,6.53,MR,1643344972
Sarangani,5.4033,125.4636,82.67,77,19,18.79,PH,1643344972
Vizinga,61.0749,50.1031,2.3,95,100,6.33,RU,1643344973
Tommot,58.9564,126.2925,0.64,95,100,8.52,RU,1643344973
Merauke,-8.4667,140.3333,85.75,64,99,9.44,ID,1643344899
Ploemeur,47.7333,-3.4333,49.62,97,100,2.3,FR,1643344974
La Asuncion,11.0333,-63.8628,76.73,83,14,9.22,VE,1643344974
Lhokseumawe,5.1801,97.1507,85.5,64,75,5.55,ID,1643344975
Petropavlovka,50.6114,105.3196,1.83,88,48,0.6,RU,1643344975
Asbest,57.0099,61.4578,-4.0,96,13,4.85,RU,1643344975
Tanout,14.9709,8.8879,53.94,25,15,15.1,NE,1643344976
Savannah Bight,16.45,-85.85,78.01,73,2,13.27,HN,1643344976
Gamba,-2.65,10.0,76.15,89,93,1.23,GA,1643344977
Kisangani,0.5167,25.2,70.48,89,70,1.14,CD,1643344977
San Martín,-33.081,-68.4681,69.71,73,81,7.99,AR,1643344977
Olinda,-8.0089,-34.8553,78.53,83,40,3.44,BR,1643344978
Bariri,-22.0744,-48.7403,71.94,92,100,2.86,BR,1643344978
Jiaozuo,35.2397,113.2331,34.36,88,100,3.29,CN,1643344979
Cairns,-16.9167,145.7667,85.95,89,75,9.22,AU,1643344979
Byron Bay,-28.65,153.6167,82.51,63,21,9.04,AU,1643344979
St. Pete Beach,27.7253,-82.7412,61.27,76,100,1.01,US,1643344980
Knysna,-34.0363,23.0471,66.58,81,46,6.44,ZA,1643344980
Barcelona,41.3888,2.159,52.56,60,0,1.99,ES,1643344949
Dzaoudzi,-12.7887,45.2699,82.29,74,0,4.61,YT,1643344981
Bucerías,20.75,-105.3333,70.99,88,0,0.0,MX,1643344972
General Pico,-35.6566,-63.7568,58.64,74,0,7.4,AR,1643344945
Erzin,36.9559,36.2,36.12,67,23,4.03,TR,1643344982
Bac Lieu,9.285,105.7244,83.5,62,93,8.23,VN,1643344982
Udachny,66.4167,112.4,-15.03,97,21,3.65,RU,1643344983
Alençon,48.4333,0.0833,39.99,95,38,2.73,FR,1643344983
Viet Tri,21.3019,105.4308,75.15,59,64,8.21,VN,1643344984
Brae,60.3964,-1.353,44.51,72,88,15.93,GB,1643344984
Geraldton,-28.7667,114.6,93.61,33,0,20.71,AU,1643344984
Fartura,-23.3883,-49.51,70.81,96,100,4.07,BR,1643344985
Fuxin,42.0156,121.6589,23.56,35,0,11.52,CN,1643344985
Mossamedes,-15.1961,12.1522,73.0,88,100,4.94,AO,1643344986
Hailar,49.2,119.7,-4.05,91,88,6.13,CN,1643344986
Queanbeyan,-35.35,149.2333,86.65,67,100,11.5,AU,1643344987
San Francisco,37.7749,-122.4194,59.14,51,0,1.01,US,1643344925
Ahipara,-35.1667,173.1667,73.96,52,1,11.54,NZ,1643344987
Maceió,-9.6658,-35.7353,78.24,88,40,4.61,BR,1643344795
Xichang,27.8964,102.2634,46.0,82,99,2.06,CN,1643344988
Saint-Joseph,-21.3667,55.6167,80.96,81,44,9.26,RE,1643344988
Sinazongwe,-17.2614,27.4618,73.51,86,71,6.2,ZM,1643344989
Stuttgart,48.7823,9.177,39.07,90,75,10.36,DE,1643344698
Manggar,-2.8833,108.2667,86.7,59,100,8.77,ID,1643344990
Kudahuvadhoo,2.6708,72.8944,80.64,54,100,7.56,MV,1643344990
Ormara,25.2088,64.6357,67.5,47,0,2.44,PK,1643344991
Henties Bay,-22.116,14.2845,63.86,86,99,7.78,NA,1643344991
Arrondissement de Bergerac,44.8333,0.5,28.78,100,100,2.3,FR,1643344992
Sabang,5.8933,95.3214,82.26,74,84,9.78,ID,1643344992
Saint-Philippe,-21.3585,55.7679,81.95,82,55,7.63,RE,1643344993
Huanren,41.2647,125.3667,21.42,48,4,3.76,CN,1643344993
Wakkanai,45.4094,141.6739,24.78,58,40,8.05,JP,1643344994
Le Port,-20.9373,55.2919,82.36,71,7,2.33,RE,1643344994
